,date,code,name,market,code_33,category_33,code_17,category_17,code_scale,scale
0,20171130,1305,ダイワ上場投信－トピックス,ETF・ETN,-,-,-,-,-,-
1,20171130,1306,ＴＯＰＩＸ連動型上場投資信託,ETF・ETN,-,-,-,-,-,-
2,20171130,1308,上場インデックスファンドＴＯＰＩＸ,ETF・ETN,-,-,-,-,-,-
3,20171130,1309,上海株式指数・上証５０連動型上場投資信託,ETF・ETN,-,-,-,-,-,-
4,20171130,1310,ダイワ上場投信－トピックス・コア３０,ETF・ETN,-,-,-,-,-,-
5,20171130,1311,ＴＯＰＩＸ　Ｃｏｒｅ　３０　連動型上場投資信託,ETF・ETN,-,-,-,-,-,-
6,20171130,1312,ラッセル野村小型コア・インデックス連動型上場投資信託,ETF・ETN,-,-,-,-,-,-
7,20171130,1313,サムスンＫＯＤＥＸ２００証券上場指数投資信託［株式］,ETF・ETN,-,-,-,-,-,-
8,20171130,1314,上場インデックスファンドＳ＆Ｐ日本新興株１００,ETF・ETN,-,-,-,-,-,-
9,20171130,1319,日経３００株価指数連動型上場投資信託,ETF・ETN,-,-,-,-,-,-
10,20171130,1320,ダイワ上場投信－日経２２５,ETF・ETN,-,-,-,-,-,-
11,20171130,1321,日経２２５連動型上場投資信託,ETF・ETN,-,-,-,-,-,-
12,20171130,1322,上場インデックスファンド中国Ａ株（パンダ）ＣＳＩ３００,ETF・ETN,-,-,-,-,-,-
13,20171130,1323,ＮＥＸＴ　ＦＵＮＤＳ　南アフリカ株式指数・ＦＴＳＥ／ＪＳＥ　Ａｆｒｉｃａ　Ｔｏｐ４０連動型上場投信,ETF・ETN,-,-,-,-,-,-
14,20171130,1324,ＮＥＸＴ　ＦＵＮＤＳ　ロシア株式指数・ＲＴＳ連動型上場投信,ETF・ETN,-,-,-,-,-,-
15,20171130,1325,ＮＥＸＴ　ＦＵＮＤＳ　ブラジル株式指数・ボベスパ連動型上場投信,ETF・ETN,-,-,-,-,-,-
16,20171130,1326,ＳＰＤＲゴールド・シェア,ETF・ETN,-,-,-,-,-,-
17,20171130,1327,Ｓ＆Ｐ　ＧＳＣＩ商品指数　エネルギー＆メタル・キャップド・コンポーネント３５／２０・ＴＨＥＡＭ・イージーＵＣＩＴＳ・ＥＴＦクラスＡ米ドル建受益証券,ETF・ETN,-,-,-,-,-,-
18,20171130,1328,金価格連動型上場投資信託,ETF・ETN,-,-,-,-,-,-
19,20171130,1329,ｉシェアーズ　日経２２５　ＥＴＦ,ETF・ETN,-,-,-,-,-,-
20,20171130,1330,上場インデックスファンド２２５,ETF・ETN,-,-,-,-,-,-
21,20171130,1343,ＮＥＸＴ　ＦＵＮＤＳ　東証ＲＥＩＴ指数連動型上場投信,ETF・ETN,-,-,-,-,-,-
22,20171130,1344,ＭＡＸＩＳ　トピックス・コア３０上場投信,ETF・ETN,-,-,-,-,-,-
23,20171130,1345,上場インデックスファンドＪリート（東証ＲＥＩＴ指数）隔月分配型,ETF・ETN,-,-,-,-,-,-
24,20171130,1346,ＭＡＸＩＳ　日経２２５上場投信,ETF・ETN,-,-,-,-,-,-
25,20171130,1347,上場インデックスファンドＦＴＳＥ日本グリーンチップ３５,ETF・ETN,-,-,-,-,-,-
26,20171130,1348,ＭＡＸＩＳ　トピックス上場投信,ETF・ETN,-,-,-,-,-,-
27,20171130,1349,ＡＢＦ汎アジア債券インデックス・ファンド,ETF・ETN,-,-,-,-,-,-
28,20171130,1356,ＴＯＰＩＸベア２倍上場投信,ETF・ETN,-,-,-,-,-,-
29,20171130,1357,ＮＥＸＴ　ＦＵＮＤＳ　日経平均ダブルインバース・インデックス連動型上場投信,ETF・ETN,-,-,-,-,-,-
30,20171130,1358,上場インデックスファンド日経レバレッジ指数,ETF・ETN,-,-,-,-,-,-
31,20171130,1360,日経平均ベア２倍上場投信,ETF・ETN,-,-,-,-,-,-
32,20171130,1361,ｉシェアーズ　米国ハイイールド債券ＥＴＦ－ＪＤＲ（ｉＢｏｘｘドル建てＬＨＹＣ）,ETF・ETN,-,-,-,-,-,-
33,20171130,1362,ｉシェアーズ　新興国債券ＥＴＦ－ＪＤＲ（自国通貨建）,ETF・ETN,-,-,-,-,-,-
34,20171130,1363,ｉシェアーズ　米国債ＥＴＦ－ＪＤＲ（米７－１０年国債）,ETF・ETN,-,-,-,-,-,-
35,20171130,1364,ｉシェアーズ　ＪＰＸ日経４００　ＥＴＦ,ETF・ETN,-,-,-,-,-,-
36,20171130,1365,ダイワ上場投信－日経平均レバレッジ・インデックス,ETF・ETN,-,-,-,-,-,-
37,20171130,1366,ダイワ上場投信－日経平均ダブルインバース・インデックス,ETF・ETN,-,-,-,-,-,-
38,20171130,1367,ダイワ上場投信－ＴＯＰＩＸレバレッジ（２倍）指数,ETF・ETN,-,-,-,-,-,-
39,20171130,1368,ダイワ上場投信－ＴＯＰＩＸダブルインバース（－２倍）指数,ETF・ETN,-,-,-,-,-,-
40,20171130,1369,Ｏｎｅ　ＥＴＦ　日経２２５,ETF・ETN,-,-,-,-,-,-
41,20171130,1385,ＵＢＳ　ＥＴＦ　ユーロ圏大型株５０（ユーロ・ストックス５０）,ETF・ETN,-,-,-,-,-,-
42,20171130,1386,ＵＢＳ　ＥＴＦ　欧州株（ＭＳＣＩヨーロッパ）,ETF・ETN,-,-,-,-,-,-
43,20171130,1387,ＵＢＳ　ＥＴＦ　欧州通貨圏株（ＭＳＣＩ　ＥＭＵ）,ETF・ETN,-,-,-,-,-,-
44,20171130,1388,ＵＢＳ　ＥＴＦ　欧州通貨圏小型株（ＭＳＣＩ　ＥＭＵ小型株）,ETF・ETN,-,-,-,-,-,-
45,20171130,1389,ＵＢＳ　ＥＴＦ　英国大型株１００（ＦＴＳＥ　１００）,ETF・ETN,-,-,-,-,-,-
46,20171130,1390,ＵＢＳ　ＥＴＦ　ＭＳＣＩアジア太平洋株（除く日本）,ETF・ETN,-,-,-,-,-,-
47,20171130,1391,ＵＢＳ　ＥＴＦ　スイス株（ＭＳＣＩスイス２０／３５）,ETF・ETN,-,-,-,-,-,-
48,20171130,1392,ＵＢＳ　ＥＴＦ　英国株（ＭＳＣＩ英国）,ETF・ETN,-,-,-,-,-,-
49,20171130,1393,ＵＢＳ　ＥＴＦ　米国株（ＭＳＣＩ米国）,ETF・ETN,-,-,-,-,-,-
50,20171130,1394,ＵＢＳ　ＥＴＦ　先進国株（ＭＳＣＩワールド）,ETF・ETN,-,-,-,-,-,-
51,20171130,1397,ＳＭＡＭ　日経２２５上場投信,ETF・ETN,-,-,-,-,-,-
52,20171130,1398,ＳＭＡＭ　東証ＲＥＩＴ指数上場投信,ETF・ETN,-,-,-,-,-,-
53,20171130,1399,上場インデックスファンドＭＳＣＩ日本株高配当低ボラティリティ,ETF・ETN,-,-,-,-,-,-
54,20171130,1456,ダイワ上場投信－日経平均インバース・インデックス,ETF・ETN,-,-,-,-,-,-
55,20171130,1457,ダイワ上場投信－ＴＯＰＩＸインバース（－１倍）指数,ETF・ETN,-,-,-,-,-,-
56,20171130,1458,楽天ＥＴＦ‐日経レバレッジ指数連動型,ETF・ETN,-,-,-,-,-,-
57,20171130,1459,楽天ＥＴＦ‐日経ダブルインバース指数連動型,ETF・ETN,-,-,-,-,-,-
58,20171130,1460,ＭＡＸＩＳ　ＪＡＰＡＮ　クオリティ１５０上場投信,ETF・ETN,-,-,-,-,-,-
59,20171130,1464,ダイワ上場投信－ＪＰＸ日経４００レバレッジ・インデックス,ETF・ETN,-,-,-,-,-,-
60,20171130,1465,ダイワ上場投信－ＪＰＸ日経４００インバース・インデックス,ETF・ETN,-,-,-,-,-,-
61,20171130,1466,ダイワ上場投信－ＪＰＸ日経４００ダブルインバース・インデックス,ETF・ETN,-,-,-,-,-,-
62,20171130,1467,ＪＰＸ日経４００ブル２倍上場投信（レバレッジ）,ETF・ETN,-,-,-,-,-,-
63,20171130,1468,ＪＰＸ日経４００ベア上場投信（インバース）,ETF・ETN,-,-,-,-,-,-
64,20171130,1469,ＪＰＸ日経４００ベア２倍上場投信（ダブルインバース）,ETF・ETN,-,-,-,-,-,-
65,20171130,1470,ＮＥＸＴ　ＦＵＮＤＳ　ＪＰＸ日経４００レバレッジ・インデックス連動型上場投信,ETF・ETN,-,-,-,-,-,-
66,20171130,1471,ＮＥＸＴ　ＦＵＮＤＳ　ＪＰＸ日経４００インバース・インデックス連動型上場投信,ETF・ETN,-,-,-,-,-,-
67,20171130,1472,ＮＥＸＴ　ＦＵＮＤＳ　ＪＰＸ日経４００ダブルインバース・インデックス連動型上場投信,ETF・ETN,-,-,-,-,-,-
68,20171130,1473,Ｏｎｅ　ＥＴＦ　トピックス,ETF・ETN,-,-,-,-,-,-
69,20171130,1474,Ｏｎｅ　ＥＴＦ　ＪＰＸ日経４００,ETF・ETN,-,-,-,-,-,-
70,20171130,1475,ｉシェアーズ　ＴＯＰＩＸ　ＥＴＦ,ETF・ETN,-,-,-,-,-,-
71,20171130,1476,ｉシェアーズ　Ｊリート　ＥＴＦ,ETF・ETN,-,-,-,-,-,-
72,20171130,1477,ｉシェアーズ　ＭＳＣＩ　日本株最小分散　ＥＴＦ,ETF・ETN,-,-,-,-,-,-
73,20171130,1478,ｉシェアーズ　ＭＳＣＩ　ジャパン高配当利回り　ＥＴＦ,ETF・ETN,-,-,-,-,-,-
74,20171130,1479,ダイワ上場投信－ＭＳＣＩ日本株人材設備投資指数,ETF・ETN,-,-,-,-,-,-
75,20171130,1480,ＮＥＸＴ　ＦＵＮＤＳ　野村企業価値分配指数連動型上場投信,ETF・ETN,-,-,-,-,-,-
76,20171130,1481,上場インデックスファンド日本経済貢献株,ETF・ETN,-,-,-,-,-,-
77,20171130,1482,ｉシェアーズ　米国債７－１０年　ＥＴＦ（為替ヘッジあり）,ETF・ETN,-,-,-,-,-,-
78,20171130,1483,ｉシェアーズ　ＪＰＸ／Ｓ＆Ｐ設備・人材投資　ＥＴＦ,ETF・ETN,-,-,-,-,-,-
79,20171130,1484,Ｏｎｅ　ＥＴＦ　ＪＰＸ／Ｓ＆Ｐ　設備・人材投資指数,ETF・ETN,-,-,-,-,-,-
80,20171130,1485,ＭＡＸＩＳ　ＪＡＰＡＮ　設備・人材積極投資企業２００上場投信,ETF・ETN,-,-,-,-,-,-
81,20171130,1486,上場インデックスファンド米国債券（為替ヘッジなし）,ETF・ETN,-,-,-,-,-,-
82,20171130,1487,上場インデックスファンド米国債券（為替ヘッジあり）,ETF・ETN,-,-,-,-,-,-
83,20171130,1488,ダイワ上場投信－東証ＲＥＩＴ指数,ETF・ETN,-,-,-,-,-,-
84,20171130,1489,ＮＥＸＴ　ＦＵＮＤＳ　日経平均高配当株５０指数連動型上場投信,ETF・ETN,-,-,-,-,-,-
85,20171130,1490,上場インデックスファンドＭＳＣＩ日本株高配当低ボラティリティ（βヘッジ）,ETF・ETN,-,-,-,-,-,-
86,20171130,1492,ＭＡＸＩＳ　ＪＰＸ　日経中小型株指数上場投信,ETF・ETN,-,-,-,-,-,-
87,20171130,1493,Ｏｎｅ　ＥＴＦ　ＪＰＸ日経中小型,ETF・ETN,-,-,-,-,-,-
88,20171130,1494,Ｏｎｅ　ＥＴＦ　高配当日本株,ETF・ETN,-,-,-,-,-,-
89,20171130,1495,上場インデックスファンドアジアリート,ETF・ETN,-,-,-,-,-,-
90,20171130,1496,ｉシェアーズ　米ドル建て投資適格社債　ＥＴＦ（為替ヘッジあり）,ETF・ETN,-,-,-,-,-,-
91,20171130,1497,ｉシェアーズ　米ドル建てハイイールド社債　ＥＴＦ（為替ヘッジあり）,ETF・ETN,-,-,-,-,-,-
92,20171130,1498,Ｏｎｅ　ＥＴＦ　ＥＳＧ,ETF・ETN,-,-,-,-,-,-
93,20171130,1540,純金上場信託（現物国内保管型）,ETF・ETN,-,-,-,-,-,-
94,20171130,1541,純プラチナ上場信託（現物国内保管型）,ETF・ETN,-,-,-,-,-,-
95,20171130,1542,純銀上場信託（現物国内保管型）,ETF・ETN,-,-,-,-,-,-
96,20171130,1543,純パラジウム上場信託（現物国内保管型）,ETF・ETN,-,-,-,-,-,-
97,20171130,1545,ＮＥＸＴ　ＦＵＮＤＳ　ＮＡＳＤＡＱ－１００連動型上場投信,ETF・ETN,-,-,-,-,-,-
98,20171130,1546,ＮＥＸＴ　ＦＵＮＤＳ　ダウ・ジョーンズ工業株３０種平均株価連動型上場投信,ETF・ETN,-,-,-,-,-,-
99,20171130,1547,上場インデックスファンド米国株式（Ｓ＆Ｐ５００）,ETF・ETN,-,-,-,-,-,-
100,20171130,1548,上場インデックスファンド中国Ｈ株（ハンセン中国企業株）,ETF・ETN,-,-,-,-,-,-
101,20171130,1549,上場インデックスファンドＮｉｆｔｙ５０先物（インド株式）,ETF・ETN,-,-,-,-,-,-
102,20171130,1550,ＭＡＸＩＳ　海外株式（ＭＳＣＩコクサイ）上場投信,ETF・ETN,-,-,-,-,-,-
103,20171130,1551,ＪＡＳＤＡＱ－ＴＯＰ２０上場投信,ETF・ETN,-,-,-,-,-,-
104,20171130,1552,国際のＥＴＦ　ＶＩＸ短期先物指数,ETF・ETN,-,-,-,-,-,-
105,20171130,1554,上場インデックスファンド世界株式（ＭＳＣＩ　ＡＣＷＩ）除く日本,ETF・ETN,-,-,-,-,-,-
106,20171130,1555,上場インデックスファンド豪州リート（Ｓ＆Ｐ／ＡＳＸ２００　Ａ‐ＲＥＩＴ）,ETF・ETN,-,-,-,-,-,-
107,20171130,1557,ＳＰＤＲ　Ｓ＆Ｐ５００　ＥＴＦ,ETF・ETN,-,-,-,-,-,-
108,20171130,1559,ＮＥＸＴ　ＦＵＮＤＳ　タイ株式ＳＥＴ５０指数連動型上場投信,ETF・ETN,-,-,-,-,-,-
109,20171130,1560,ＮＥＸＴ　ＦＵＮＤＳ　ＦＴＳＥブルサ・マレーシアＫＬＣＩ連動型上場投信,ETF・ETN,-,-,-,-,-,-
110,20171130,1561,国際のＥＴＦ　ＶＩＸ中期先物指数,ETF・ETN,-,-,-,-,-,-
111,20171130,1563,マザーズ・コア上場投信,ETF・ETN,-,-,-,-,-,-
112,20171130,1566,上場インデックスファンド新興国債券,ETF・ETN,-,-,-,-,-,-
113,20171130,1567,ＭＡＸＩＳトピックスリスクコントロール（５％）上場投信,ETF・ETN,-,-,-,-,-,-
114,20171130,1568,ＴＯＰＩＸブル２倍上場投信,ETF・ETN,-,-,-,-,-,-
115,20171130,1569,ＴＯＰＩＸベア上場投信,ETF・ETN,-,-,-,-,-,-
116,20171130,1570,ＮＥＸＴ　ＦＵＮＤＳ　日経平均レバレッジ・インデックス連動型上場投信,ETF・ETN,-,-,-,-,-,-
117,20171130,1571,ＮＥＸＴ　ＦＵＮＤＳ　日経平均インバース・インデックス連動型上場投信,ETF・ETN,-,-,-,-,-,-
118,20171130,1572,中国Ｈ株ブル２倍上場投信,ETF・ETN,-,-,-,-,-,-
119,20171130,1573,中国Ｈ株ベア上場投信,ETF・ETN,-,-,-,-,-,-
120,20171130,1574,ＭＡＸＩＳトピックスリスクコントロール（１０％）上場投信,ETF・ETN,-,-,-,-,-,-
121,20171130,1575,ＣｈｉｎａＡＭＣ　ＣＳＩ　３００　Ｉｎｄｅｘ　ＥＴＦ－ＪＤＲ,ETF・ETN,-,-,-,-,-,-
122,20171130,1576,南方　ＦＴＳＥ　中国Ａ株５０　ＥＴＦ,ETF・ETN,-,-,-,-,-,-
123,20171130,1577,ＮＥＸＴ　ＦＵＮＤＳ　野村日本株高配当７０連動型上場投信,ETF・ETN,-,-,-,-,-,-
124,20171130,1578,上場インデックスファンド日経２２５（ミニ）,ETF・ETN,-,-,-,-,-,-
125,20171130,1579,日経平均ブル２倍上場投信,ETF・ETN,-,-,-,-,-,-
126,20171130,1580,日経平均ベア上場投信,ETF・ETN,-,-,-,-,-,-
127,20171130,1581,ｉシェアーズ　先進国株ＥＴＦ－ＪＤＲ（ＭＳＣＩコクサイ）,ETF・ETN,-,-,-,-,-,-
128,20171130,1582,ｉシェアーズ　エマージング株ＥＴＦ－ＪＤＲ（ＭＳＣＩエマージングＩＭＩ）,ETF・ETN,-,-,-,-,-,-
129,20171130,1583,ｉシェアーズ　フロンティア株ＥＴＦ－ＪＤＲ（ＭＳＣＩフロンティア１００）,ETF・ETN,-,-,-,-,-,-
130,20171130,1584,サムスンＫＯＤＥＸサムスングループ株証券上場指数投資信託［株式］,ETF・ETN,-,-,-,-,-,-
131,20171130,1585,ダイワ上場投信・ＴＯＰＩＸ　Ｅｘ－Ｆｉｎａｎｃｉａｌｓ,ETF・ETN,-,-,-,-,-,-
132,20171130,1586,上場インデックスファンドＴＯＰＩＸ　Ｅｘ－Ｆｉｎａｎｃｉａｌｓ,ETF・ETN,-,-,-,-,-,-
133,20171130,1587,ｉシェアーズ　米国超大型株ＥＴＦ－ＪＤＲ（Ｓ＆Ｐ１００）,ETF・ETN,-,-,-,-,-,-
134,20171130,1588,ｉシェアーズ　米国小型株ＥＴＦ－ＪＤＲ（ラッセル２０００）,ETF・ETN,-,-,-,-,-,-
135,20171130,1589,ｉシェアーズ　米国高配当株ＥＴＦ－ＪＤＲ（モーニングスター配当フォーカス）,ETF・ETN,-,-,-,-,-,-
136,20171130,1590,ｉシェアーズ　米国リート・不動産株ＥＴＦ－ＪＤＲ（ダウ・ジョーンズ米国不動産）,ETF・ETN,-,-,-,-,-,-
137,20171130,1591,ＮＥＸＴ　ＦＵＮＤＳ　ＪＰＸ日経インデックス４００連動型上場投信,ETF・ETN,-,-,-,-,-,-
138,20171130,1592,上場インデックスファンドＪＰＸ日経インデックス４００,ETF・ETN,-,-,-,-,-,-
139,20171130,1593,ＭＡＸＩＳ　ＪＰＸ日経インデックス４００上場投信,ETF・ETN,-,-,-,-,-,-
140,20171130,1595,ＮＺＡＭ　上場投信　東証ＲＥＩＴ指数,ETF・ETN,-,-,-,-,-,-
141,20171130,1596,ＮＺＡＭ　上場投信　ＴＯＰＩＸ　Ｅｘ－Ｆｉｎａｎｃｉａｌｓ,ETF・ETN,-,-,-,-,-,-
142,20171130,1597,ＭＡＸＩＳ　Ｊリート上場投信,ETF・ETN,-,-,-,-,-,-
143,20171130,1598,ＮＥＸＴ　ＦＵＮＤＳ　Ｒ／Ｎファンダメンタル・インデックス上場投信,ETF・ETN,-,-,-,-,-,-
144,20171130,1599,ダイワ上場投信－ＪＰＸ日経４００,ETF・ETN,-,-,-,-,-,-
145,20171130,1610,ダイワ上場投信－東証電気機器株価指数,ETF・ETN,-,-,-,-,-,-
146,20171130,1612,ダイワ上場投信－東証銀行業株価指数,ETF・ETN,-,-,-,-,-,-
147,20171130,1613,東証電気機器株価指数連動型上場投資信託,ETF・ETN,-,-,-,-,-,-
148,20171130,1615,東証銀行業株価指数連動型上場投資信託,ETF・ETN,-,-,-,-,-,-
149,20171130,1617,ＮＥＸＴ　ＦＵＮＤＳ　食品（ＴＯＰＩＸ－１７）上場投信,ETF・ETN,-,-,-,-,-,-
150,20171130,1618,ＮＥＸＴ　ＦＵＮＤＳ　エネルギー資源（ＴＯＰＩＸ－１７）上場投信,ETF・ETN,-,-,-,-,-,-
151,20171130,1619,ＮＥＸＴ　ＦＵＮＤＳ　建設・資材（ＴＯＰＩＸ－１７）上場投信,ETF・ETN,-,-,-,-,-,-
152,20171130,1620,ＮＥＸＴ　ＦＵＮＤＳ　素材・化学（ＴＯＰＩＸ－１７）上場投信,ETF・ETN,-,-,-,-,-,-
153,20171130,1621,ＮＥＸＴ　ＦＵＮＤＳ　医薬品（ＴＯＰＩＸ－１７）上場投信,ETF・ETN,-,-,-,-,-,-
154,20171130,1622,ＮＥＸＴ　ＦＵＮＤＳ　自動車・輸送機（ＴＯＰＩＸ－１７）上場投信,ETF・ETN,-,-,-,-,-,-
155,20171130,1623,ＮＥＸＴ　ＦＵＮＤＳ　鉄鋼・非鉄（ＴＯＰＩＸ－１７）上場投信,ETF・ETN,-,-,-,-,-,-
156,20171130,1624,ＮＥＸＴ　ＦＵＮＤＳ　機械（ＴＯＰＩＸ－１７）上場投信,ETF・ETN,-,-,-,-,-,-
157,20171130,1625,ＮＥＸＴ　ＦＵＮＤＳ　電機・精密（ＴＯＰＩＸ－１７）上場投信,ETF・ETN,-,-,-,-,-,-
158,20171130,1626,ＮＥＸＴ　ＦＵＮＤＳ　情報通信・サービスその他（ＴＯＰＩＸ－１７）上場投信,ETF・ETN,-,-,-,-,-,-
159,20171130,1627,ＮＥＸＴ　ＦＵＮＤＳ　電力・ガス（ＴＯＰＩＸ－１７）上場投信,ETF・ETN,-,-,-,-,-,-
160,20171130,1628,ＮＥＸＴ　ＦＵＮＤＳ　運輸・物流（ＴＯＰＩＸ－１７）上場投信,ETF・ETN,-,-,-,-,-,-
161,20171130,1629,ＮＥＸＴ　ＦＵＮＤＳ　商社・卸売（ＴＯＰＩＸ－１７）上場投信,ETF・ETN,-,-,-,-,-,-
162,20171130,1630,ＮＥＸＴ　ＦＵＮＤＳ　小売（ＴＯＰＩＸ－１７）上場投信,ETF・ETN,-,-,-,-,-,-
163,20171130,1631,ＮＥＸＴ　ＦＵＮＤＳ　銀行（ＴＯＰＩＸ－１７）上場投信,ETF・ETN,-,-,-,-,-,-
164,20171130,1632,ＮＥＸＴ　ＦＵＮＤＳ　金融（除く銀行）（ＴＯＰＩＸ－１７）上場投信,ETF・ETN,-,-,-,-,-,-
165,20171130,1633,ＮＥＸＴ　ＦＵＮＤＳ　不動産（ＴＯＰＩＸ－１７）上場投信,ETF・ETN,-,-,-,-,-,-
166,20171130,1634,ダイワ上場投信・ＴＯＰＩＸ－１７　食品,ETF・ETN,-,-,-,-,-,-
167,20171130,1635,ダイワ上場投信・ＴＯＰＩＸ－１７　エネルギー資源,ETF・ETN,-,-,-,-,-,-
168,20171130,1636,ダイワ上場投信・ＴＯＰＩＸ－１７　建設・資材,ETF・ETN,-,-,-,-,-,-
169,20171130,1637,ダイワ上場投信・ＴＯＰＩＸ－１７　素材・化学,ETF・ETN,-,-,-,-,-,-
170,20171130,1638,ダイワ上場投信・ＴＯＰＩＸ－１７　医薬品,ETF・ETN,-,-,-,-,-,-
171,20171130,1639,ダイワ上場投信・ＴＯＰＩＸ－１７　自動車・輸送機,ETF・ETN,-,-,-,-,-,-
172,20171130,1640,ダイワ上場投信・ＴＯＰＩＸ－１７　鉄鋼・非鉄,ETF・ETN,-,-,-,-,-,-
173,20171130,1641,ダイワ上場投信・ＴＯＰＩＸ－１７　機械,ETF・ETN,-,-,-,-,-,-
174,20171130,1642,ダイワ上場投信・ＴＯＰＩＸ－１７　電機・精密,ETF・ETN,-,-,-,-,-,-
175,20171130,1643,ダイワ上場投信・ＴＯＰＩＸ－１７　情報通信・サービスその他,ETF・ETN,-,-,-,-,-,-
176,20171130,1644,ダイワ上場投信・ＴＯＰＩＸ－１７　電力・ガス,ETF・ETN,-,-,-,-,-,-
177,20171130,1645,ダイワ上場投信・ＴＯＰＩＸ－１７　運輸・物流,ETF・ETN,-,-,-,-,-,-
178,20171130,1646,ダイワ上場投信・ＴＯＰＩＸ－１７　商社・卸売,ETF・ETN,-,-,-,-,-,-
179,20171130,1647,ダイワ上場投信・ＴＯＰＩＸ－１７　小売,ETF・ETN,-,-,-,-,-,-
180,20171130,1648,ダイワ上場投信・ＴＯＰＩＸ－１７　銀行,ETF・ETN,-,-,-,-,-,-
181,20171130,1649,ダイワ上場投信・ＴＯＰＩＸ－１７　金融（除く銀行）,ETF・ETN,-,-,-,-,-,-
182,20171130,1650,ダイワ上場投信・ＴＯＰＩＸ－１７　不動産,ETF・ETN,-,-,-,-,-,-
183,20171130,1651,ダイワ上場投信－ＴＯＰＩＸ高配当４０指数,ETF・ETN,-,-,-,-,-,-
184,20171130,1652,ダイワ上場投信－ＭＳＣＩ日本株女性活躍指数（ＷＩＮ）,ETF・ETN,-,-,-,-,-,-
185,20171130,1653,ダイワ上場投信－ＭＳＣＩジャパンＥＳＧセレクト・リーダーズ指数,ETF・ETN,-,-,-,-,-,-
186,20171130,1654,ダイワ上場投信－ＦＴＳＥ　Ｂｌｏｓｓｏｍ　Ｊａｐａｎ　Ｉｎｄｅｘ,ETF・ETN,-,-,-,-,-,-
187,20171130,1655,ｉシェアーズ　Ｓ＆Ｐ　５００　米国株　ＥＴＦ,ETF・ETN,-,-,-,-,-,-
188,20171130,1656,ｉシェアーズ・コア　米国債７－１０年　ＥＴＦ,ETF・ETN,-,-,-,-,-,-
189,20171130,1657,ｉシェアーズ・コア　ＭＳＣＩ　先進国株（除く日本）　ＥＴＦ,ETF・ETN,-,-,-,-,-,-
190,20171130,1658,ｉシェアーズ・コア　ＭＳＣＩ　新興国株　ＥＴＦ,ETF・ETN,-,-,-,-,-,-
191,20171130,1659,ｉシェアーズ　米国リート　ＥＴＦ,ETF・ETN,-,-,-,-,-,-
192,20171130,1660,ＭＡＸＩＳ高利回りＪリート上場投信,ETF・ETN,-,-,-,-,-,-
193,20171130,1670,ＭＡＸＩＳ　Ｓ＆Ｐ三菱系企業群上場投信,ETF・ETN,-,-,-,-,-,-
194,20171130,1671,ＷＴＩ原油価格連動型上場投信,ETF・ETN,-,-,-,-,-,-
195,20171130,1672,ＥＴＦＳ　金上場投資信託,ETF・ETN,-,-,-,-,-,-
196,20171130,1673,ＥＴＦＳ　銀上場投資信託,ETF・ETN,-,-,-,-,-,-
197,20171130,1674,ＥＴＦＳ　白金上場投資信託,ETF・ETN,-,-,-,-,-,-
198,20171130,1675,ＥＴＦＳ　パラジウム上場投資信託,ETF・ETN,-,-,-,-,-,-
199,20171130,1676,ＥＴＦＳ　貴金属バスケット上場投資信託,ETF・ETN,-,-,-,-,-,-
200,20171130,1677,上場インデックスファンド海外債券（Ｃｉｔｉ　ＷＧＢＩ）毎月分配型,ETF・ETN,-,-,-,-,-,-
201,20171130,1678,ＮＥＸＴ　ＦＵＮＤＳ　インド株式指数・Ｎｉｆｔｙ　５０連動型上場投信,ETF・ETN,-,-,-,-,-,-
202,20171130,1679,Ｓｉｍｐｌｅ－Ｘ　ＮＹダウ・ジョーンズ・インデックス上場投信,ETF・ETN,-,-,-,-,-,-
203,20171130,1680,上場インデックスファンド海外先進国株式（ＭＳＣＩ－ＫＯＫＵＳＡＩ）,ETF・ETN,-,-,-,-,-,-
204,20171130,1681,上場インデックスファンド海外新興国株式（ＭＳＣＩエマージング）,ETF・ETN,-,-,-,-,-,-
205,20171130,1682,ＮＥＸＴ　ＦＵＮＤＳ　日経・東商取白金指数連動型上場投信,ETF・ETN,-,-,-,-,-,-
206,20171130,1683,Ｏｎｅ　ＥＴＦ　国内金先物,ETF・ETN,-,-,-,-,-,-
207,20171130,1684,ＥＴＦＳ　総合上場投資信託,ETF・ETN,-,-,-,-,-,-
208,20171130,1685,ＥＴＦＳ　エネルギー上場投資信託,ETF・ETN,-,-,-,-,-,-
209,20171130,1686,ＥＴＦＳ　産業用金属上場投資信託,ETF・ETN,-,-,-,-,-,-
210,20171130,1687,ＥＴＦＳ　農産物上場投資信託,ETF・ETN,-,-,-,-,-,-
211,20171130,1688,ＥＴＦＳ　穀物上場投資信託,ETF・ETN,-,-,-,-,-,-
212,20171130,1689,ＥＴＦＳ　天然ガス上場投資信託,ETF・ETN,-,-,-,-,-,-
213,20171130,1690,ＥＴＦＳ　ＷＴＩ　原油上場投資信託,ETF・ETN,-,-,-,-,-,-
214,20171130,1691,ＥＴＦＳ　ガソリン上場投資信託,ETF・ETN,-,-,-,-,-,-
215,20171130,1692,ＥＴＦＳ　アルミニウム上場投資信託,ETF・ETN,-,-,-,-,-,-
216,20171130,1693,ＥＴＦＳ　銅上場投資信託,ETF・ETN,-,-,-,-,-,-
217,20171130,1694,ＥＴＦＳ　ニッケル上場投資信託,ETF・ETN,-,-,-,-,-,-
218,20171130,1695,ＥＴＦＳ　小麦上場投資信託,ETF・ETN,-,-,-,-,-,-
219,20171130,1696,ＥＴＦＳ　とうもろこし上場投資信託,ETF・ETN,-,-,-,-,-,-
220,20171130,1697,ＥＴＦＳ　大豆上場投資信託,ETF・ETN,-,-,-,-,-,-
221,20171130,1698,上場インデックスファンド日本高配当（東証配当フォーカス１００）,ETF・ETN,-,-,-,-,-,-
222,20171130,1699,ＮＥＸＴ　ＦＵＮＤＳ　ＮＯＭＵＲＡ原油インデックス連動型上場投信,ETF・ETN,-,-,-,-,-,-
223,20171130,1773,ワイ・ティー・エル・コーポレーション・バーハッド,市場第一部（外国株）,2050,建設業,3,建設・資材 ,-,-
224,20171130,2031,ＮＥＸＴ　ＮＯＴＥＳ　香港ハンセン・ダブル・ブル　ＥＴＮ,ETF・ETN,-,-,-,-,-,-
225,20171130,2032,ＮＥＸＴ　ＮＯＴＥＳ　香港ハンセン・ベア　ＥＴＮ,ETF・ETN,-,-,-,-,-,-
226,20171130,2033,ＮＥＸＴ　ＮＯＴＥＳ　韓国ＫＯＳＰＩ・ダブル・ブル　ＥＴＮ,ETF・ETN,-,-,-,-,-,-
227,20171130,2034,ＮＥＸＴ　ＮＯＴＥＳ　韓国ＫＯＳＰＩ・ベア　ＥＴＮ,ETF・ETN,-,-,-,-,-,-
228,20171130,2035,ＮＥＸＴ　ＮＯＴＥＳ　日経平均ＶＩ先物指数　ＥＴＮ,ETF・ETN,-,-,-,-,-,-
229,20171130,2036,ＮＥＸＴ　ＮＯＴＥＳ　日経・ＴＯＣＯＭ　金　ダブル・ブル　ＥＴＮ,ETF・ETN,-,-,-,-,-,-
230,20171130,2037,ＮＥＸＴ　ＮＯＴＥＳ　日経・ＴＯＣＯＭ　金　ベア　ＥＴＮ,ETF・ETN,-,-,-,-,-,-
231,20171130,2038,ＮＥＸＴ　ＮＯＴＥＳ　日経・ＴＯＣＯＭ　原油　ダブル・ブル　ＥＴＮ,ETF・ETN,-,-,-,-,-,-
232,20171130,2039,ＮＥＸＴ　ＮＯＴＥＳ　日経・ＴＯＣＯＭ　原油　ベア　ＥＴＮ,ETF・ETN,-,-,-,-,-,-
233,20171130,2040,ＮＥＸＴ　ＮＯＴＥＳ　ＮＹダウ・ダブル・ブル・ドルヘッジ　ＥＴＮ,ETF・ETN,-,-,-,-,-,-
234,20171130,2041,ＮＥＸＴ　ＮＯＴＥＳ　ＮＹダウ・ベア・ドルヘッジ　ＥＴＮ,ETF・ETN,-,-,-,-,-,-
235,20171130,2042,ＮＥＸＴ　ＮＯＴＥＳ　東証マザーズ　ＥＴＮ,ETF・ETN,-,-,-,-,-,-
236,20171130,2043,ＮＥＸＴ　ＮＯＴＥＳ　ＳＴＯＸＸ　アセアン好配当５０（円、ネットリターン）ＥＴＮ,ETF・ETN,-,-,-,-,-,-
237,20171130,2044,ＮＥＸＴ　ＮＯＴＥＳ　Ｓ＆Ｐ５００　配当貴族（ネットリターン）　ＥＴＮ,ETF・ETN,-,-,-,-,-,-
238,20171130,2045,ＮＥＸＴ　ＮＯＴＥＳ　Ｓ＆Ｐ　シンガポール　リート（ネットリターン）　ＥＴＮ,ETF・ETN,-,-,-,-,-,-
239,20171130,2046,ＮＥＸＴ　ＮＯＴＥＳ　インドＮｉｆｔｙ・ダブル・ブル　ＥＴＮ,ETF・ETN,-,-,-,-,-,-
240,20171130,2047,ＮＥＸＴ　ＮＯＴＥＳ　インドＮｉｆｔｙ・ベア　ＥＴＮ,ETF・ETN,-,-,-,-,-,-
241,20171130,2048,ＮＥＸＴ　ＮＯＴＥＳ　野村日本株高配当７０（ドルヘッジ、ネットリターン）ＥＴＮ,ETF・ETN,-,-,-,-,-,-
242,20171130,2049,ＮＥＸＴ　ＮＯＴＥＳ　Ｓ＆Ｐ５００　ＶＩＸ　インバースＥＴＮ,ETF・ETN,-,-,-,-,-,-
243,20171130,2065,ＮＥＸＴ　ＮＯＴＥＳ　日本株配当貴族（ドルヘッジ、ネットリターン）ＥＴＮ,ETF・ETN,-,-,-,-,-,-
244,20171130,2066,ＮＥＸＴ　ＮＯＴＥＳ　東証ＲＥＩＴ（ドルヘッジ、ネットリターン）ＥＴＮ,ETF・ETN,-,-,-,-,-,-
245,20171130,2067,ＮＥＸＴ　ＮＯＴＥＳ　野村ＡＩビジネス７０（ネットリターン）ＥＴＮ,ETF・ETN,-,-,-,-,-,-
246,20171130,2068,ＮＥＸＴ　ＮＯＴＥＳ　高ベータ３０（ネットリターン）ＥＴＮ,ETF・ETN,-,-,-,-,-,-
247,20171130,2069,ＮＥＸＴ　ＮＯＴＥＳ　低ベータ５０（ネットリターン）ＥＴＮ,ETF・ETN,-,-,-,-,-,-
248,20171130,3226,日本アコモデーションファンド投資法人,REIT・ベンチャーファンド・カントリーファンド・インフラファンド,-,-,-,-,-,-
249,20171130,3227,ＭＣＵＢＳ　ＭｉｄＣｉｔｙ投資法人,REIT・ベンチャーファンド・カントリーファンド・インフラファンド,-,-,-,-,-,-
250,20171130,3234,森ヒルズリート投資法人,REIT・ベンチャーファンド・カントリーファンド・インフラファンド,-,-,-,-,-,-
251,20171130,3249,産業ファンド投資法人,REIT・ベンチャーファンド・カントリーファンド・インフラファンド,-,-,-,-,-,-
252,20171130,3269,アドバンス・レジデンス投資法人,REIT・ベンチャーファンド・カントリーファンド・インフラファンド,-,-,-,-,-,-
253,20171130,3278,ケネディクス・レジデンシャル投資法人,REIT・ベンチャーファンド・カントリーファンド・インフラファンド,-,-,-,-,-,-
254,20171130,3279,アクティビア・プロパティーズ投資法人,REIT・ベンチャーファンド・カントリーファンド・インフラファンド,-,-,-,-,-,-
255,20171130,3281,ＧＬＰ投資法人,REIT・ベンチャーファンド・カントリーファンド・インフラファンド,-,-,-,-,-,-
256,20171130,3282,コンフォリア・レジデンシャル投資法人,REIT・ベンチャーファンド・カントリーファンド・インフラファンド,-,-,-,-,-,-
257,20171130,3283,日本プロロジスリート投資法人,REIT・ベンチャーファンド・カントリーファンド・インフラファンド,-,-,-,-,-,-
258,20171130,3287,星野リゾート・リート投資法人,REIT・ベンチャーファンド・カントリーファンド・インフラファンド,-,-,-,-,-,-
259,20171130,3290,Ｏｎｅリート投資法人,REIT・ベンチャーファンド・カントリーファンド・インフラファンド,-,-,-,-,-,-
260,20171130,3292,イオンリート投資法人,REIT・ベンチャーファンド・カントリーファンド・インフラファンド,-,-,-,-,-,-
261,20171130,3295,ヒューリックリート投資法人,REIT・ベンチャーファンド・カントリーファンド・インフラファンド,-,-,-,-,-,-
262,20171130,3296,日本リート投資法人,REIT・ベンチャーファンド・カントリーファンド・インフラファンド,-,-,-,-,-,-
263,20171130,3298,インベスコ・オフィス・ジェイリート投資法人,REIT・ベンチャーファンド・カントリーファンド・インフラファンド,-,-,-,-,-,-
264,20171130,3308,日本ヘルスケア投資法人,REIT・ベンチャーファンド・カントリーファンド・インフラファンド,-,-,-,-,-,-
265,20171130,3309,積水ハウス・リート投資法人,REIT・ベンチャーファンド・カントリーファンド・インフラファンド,-,-,-,-,-,-
266,20171130,3451,トーセイ・リート投資法人,REIT・ベンチャーファンド・カントリーファンド・インフラファンド,-,-,-,-,-,-
267,20171130,3453,ケネディクス商業リート投資法人,REIT・ベンチャーファンド・カントリーファンド・インフラファンド,-,-,-,-,-,-
268,20171130,3455,ヘルスケア＆メディカル投資法人,REIT・ベンチャーファンド・カントリーファンド・インフラファンド,-,-,-,-,-,-
269,20171130,3459,サムティ・レジデンシャル投資法人,REIT・ベンチャーファンド・カントリーファンド・インフラファンド,-,-,-,-,-,-
270,20171130,3460,ジャパン・シニアリビング投資法人,REIT・ベンチャーファンド・カントリーファンド・インフラファンド,-,-,-,-,-,-
271,20171130,3462,野村不動産マスターファンド投資法人,REIT・ベンチャーファンド・カントリーファンド・インフラファンド,-,-,-,-,-,-
272,20171130,3463,いちごホテルリート投資法人,REIT・ベンチャーファンド・カントリーファンド・インフラファンド,-,-,-,-,-,-
273,20171130,3466,ラサールロジポート投資法人,REIT・ベンチャーファンド・カントリーファンド・インフラファンド,-,-,-,-,-,-
274,20171130,3468,スターアジア不動産投資法人,REIT・ベンチャーファンド・カントリーファンド・インフラファンド,-,-,-,-,-,-
275,20171130,3470,マリモ地方創生リート投資法人,REIT・ベンチャーファンド・カントリーファンド・インフラファンド,-,-,-,-,-,-
276,20171130,3471,三井不動産ロジスティクスパーク投資法人,REIT・ベンチャーファンド・カントリーファンド・インフラファンド,-,-,-,-,-,-
277,20171130,3472,大江戸温泉リート投資法人,REIT・ベンチャーファンド・カントリーファンド・インフラファンド,-,-,-,-,-,-
278,20171130,3473,さくら総合リート投資法人,REIT・ベンチャーファンド・カントリーファンド・インフラファンド,-,-,-,-,-,-
279,20171130,3476,投資法人みらい,REIT・ベンチャーファンド・カントリーファンド・インフラファンド,-,-,-,-,-,-
280,20171130,3478,森トラスト・ホテルリート投資法人,REIT・ベンチャーファンド・カントリーファンド・インフラファンド,-,-,-,-,-,-
281,20171130,3481,三菱地所物流リート投資法人,REIT・ベンチャーファンド・カントリーファンド・インフラファンド,-,-,-,-,-,-
282,20171130,4875,メディシノバ・インク,JASDAQ(スタンダード・外国株）,3250,医薬品,5,医薬品 ,-,-
283,20171130,6697,テックポイント・インク,マザーズ（外国株）,3650,電気機器,9,電機・精密 ,-,-
284,20171130,8301,日本銀行,出資証券,-,-,-,-,-,-
285,20171130,8421,信金中央金庫,出資証券,-,-,-,-,-,-
286,20171130,8682,モルガン・スタンレー・アジア－パシフィック・ファンド・インク,REIT・ベンチャーファンド・カントリーファンド・インフラファンド,-,-,-,-,-,-
287,20171130,8685,アメリカン・インターナショナル・グループ・インク,市場第一部（外国株）,7150,保険業,16,金融（除く銀行） ,-,-
288,20171130,8686,アフラック・インコーポレーテッド,市場第一部（外国株）,7150,保険業,16,金融（除く銀行） ,-,-
289,20171130,8951,日本ビルファンド投資法人,REIT・ベンチャーファンド・カントリーファンド・インフラファンド,-,-,-,-,-,-
290,20171130,8952,ジャパンリアルエステイト投資法人,REIT・ベンチャーファンド・カントリーファンド・インフラファンド,-,-,-,-,-,-
291,20171130,8953,日本リテールファンド投資法人,REIT・ベンチャーファンド・カントリーファンド・インフラファンド,-,-,-,-,-,-
292,20171130,8954,オリックス不動産投資法人,REIT・ベンチャーファンド・カントリーファンド・インフラファンド,-,-,-,-,-,-
293,20171130,8955,日本プライムリアルティ投資法人,REIT・ベンチャーファンド・カントリーファンド・インフラファンド,-,-,-,-,-,-
294,20171130,8956,プレミア投資法人,REIT・ベンチャーファンド・カントリーファンド・インフラファンド,-,-,-,-,-,-
295,20171130,8957,東急リアル・エステート投資法人,REIT・ベンチャーファンド・カントリーファンド・インフラファンド,-,-,-,-,-,-
296,20171130,8958,グローバル・ワン不動産投資法人,REIT・ベンチャーファンド・カントリーファンド・インフラファンド,-,-,-,-,-,-
297,20171130,8960,ユナイテッド・アーバン投資法人,REIT・ベンチャーファンド・カントリーファンド・インフラファンド,-,-,-,-,-,-
298,20171130,8961,森トラスト総合リート投資法人,REIT・ベンチャーファンド・カントリーファンド・インフラファンド,-,-,-,-,-,-
299,20171130,8963,インヴィンシブル投資法人,REIT・ベンチャーファンド・カントリーファンド・インフラファンド,-,-,-,-,-,-
300,20171130,8964,フロンティア不動産投資法人,REIT・ベンチャーファンド・カントリーファンド・インフラファンド,-,-,-,-,-,-
301,20171130,8966,平和不動産リート投資法人,REIT・ベンチャーファンド・カントリーファンド・インフラファンド,-,-,-,-,-,-
302,20171130,8967,日本ロジスティクスファンド投資法人,REIT・ベンチャーファンド・カントリーファンド・インフラファンド,-,-,-,-,-,-
303,20171130,8968,福岡リート投資法人,REIT・ベンチャーファンド・カントリーファンド・インフラファンド,-,-,-,-,-,-
304,20171130,8972,ケネディクス・オフィス投資法人,REIT・ベンチャーファンド・カントリーファンド・インフラファンド,-,-,-,-,-,-
305,20171130,8973,積水ハウス・レジデンシャル投資法人,REIT・ベンチャーファンド・カントリーファンド・インフラファンド,-,-,-,-,-,-
306,20171130,8975,いちごオフィスリート投資法人,REIT・ベンチャーファンド・カントリーファンド・インフラファンド,-,-,-,-,-,-
307,20171130,8976,大和証券オフィス投資法人,REIT・ベンチャーファンド・カントリーファンド・インフラファンド,-,-,-,-,-,-
308,20171130,8977,阪急リート投資法人,REIT・ベンチャーファンド・カントリーファンド・インフラファンド,-,-,-,-,-,-
309,20171130,8979,スターツプロシード投資法人,REIT・ベンチャーファンド・カントリーファンド・インフラファンド,-,-,-,-,-,-
310,20171130,8984,大和ハウスリート投資法人,REIT・ベンチャーファンド・カントリーファンド・インフラファンド,-,-,-,-,-,-
311,20171130,8985,ジャパン・ホテル・リート投資法人,REIT・ベンチャーファンド・カントリーファンド・インフラファンド,-,-,-,-,-,-
312,20171130,8986,日本賃貸住宅投資法人,REIT・ベンチャーファンド・カントリーファンド・インフラファンド,-,-,-,-,-,-
313,20171130,8987,ジャパンエクセレント投資法人,REIT・ベンチャーファンド・カントリーファンド・インフラファンド,-,-,-,-,-,-
314,20171130,9281,タカラレーベン・インフラ投資法人,REIT・ベンチャーファンド・カントリーファンド・インフラファンド,-,-,-,-,-,-
315,20171130,9282,いちごグリーンインフラ投資法人,REIT・ベンチャーファンド・カントリーファンド・インフラファンド,-,-,-,-,-,-
316,20171130,9283,日本再生可能エネルギーインフラ投資法人,REIT・ベンチャーファンド・カントリーファンド・インフラファンド,-,-,-,-,-,-
317,20171130,9284,カナディアン・ソーラー・インフラ投資法人,REIT・ベンチャーファンド・カントリーファンド・インフラファンド,-,-,-,-,-,-
318,20171130,9399,新華ホールディングス・リミテッド（新華控股有限公司）,市場第二部（外国株）,5250,情報・通信業,10,情報通信・サービスその他 ,-,-
